DROP TABLE IF EXISTS edd_imgs;
CREATE TABLE `edd_imgs` (
  `img_id` int(11) NOT NULL AUTO_INCREMENT,
  `img_size` varchar(255) DEFAULT NULL,
  `upload_date` varchar(255) DEFAULT NULL COMMENT '上传日期',
  `user_id` varchar(255) DEFAULT NULL COMMENT '操作者',
  `ip` varchar(255) DEFAULT NULL COMMENT '操作ip',
  `img_path` varchar(255) DEFAULT NULL COMMENT '图片路径',
  PRIMARY KEY (`img_id`)
) ENGINE=MyISAM AUTO_INCREMENT=44 DEFAULT CHARSET=utf8 COMMENT='图片管理';
INSERT INTO `edd_imgs` VALUES 
('20','45.823KB','1499414124','1','127.0.0.1','/data/upload/admin/avatar/20170707/81b8e35690d262f0520dda92bfef97b6.jpg'),
('24','38.063KB','1499415270','1','127.0.0.1','/data/upload/admin/avatar/20170707/1918386ea782997445a421ece9df3560.jpg'),
('25','48.368KB','1500021962','1','127.0.0.1','/data/upload/admin/logo/20170714/f8bc46b8696c512adf03b31c996bd860.png'),
('26','42.079KB','1500963232','1','139.205.134.180','/data/upload/admin/avatar/20170725/dfc46939d028e9591c71e28c3e46a95e.jpg'),
('27','56.987KB','1500963317','1','139.205.134.180','/data/upload/admin/avatar/20170725/c5368ddd4cabb923081bd59a88b553c0.jpg'),
('28','42.862KB','1500963327','1','139.205.134.180','/data/upload/admin/avatar/20170725/2405b63176e86aa4be94f37b9da58c0b.jpg'),
('29','38.063KB','1500963338','1','139.205.134.180','/data/upload/admin/avatar/20170725/e2c66d84202ef73812a980ef675ce2f1.jpg'),
('30','42.964KB','1500963351','1','139.205.134.180','/data/upload/admin/avatar/20170725/1b39997e0405426635aa37f7db90d5c7.jpg'),
('31','53.449KB','1500963363','1','139.205.134.180','/data/upload/admin/avatar/20170725/78e27bfd285cd77142a108fd60492085.jpg'),
('32','27.571KB','1500964821','1','139.205.134.180','/data/upload/admin/avatar/20170725/aa93b23d90dcf0e0bad9524e533159e0.jpg'),
('33','290.165KB','1500967791','1','139.205.134.180','/data/upload/admin/avatar/20170725/f71112cdd48dc621cb572ed57969ab47.png'),
('34','30.051KB','1500968120','1','139.205.134.180','/data/upload/admin/avatar/20170725/3a08d1199336e629a644677fe2f3d64b.jpg'),
('35','9.896KB','1500968140','1','139.205.134.180','/data/upload/admin/avatar/20170725/e902a7ac4cd1f5b635ad3be1e9804fe9.jpg'),
('36','26.098KB','1500968158','1','139.205.134.180','/data/upload/admin/avatar/20170725/3e39b0de02601a85e7b686ad439612f4.jpg'),
('37','42.964KB','1500979598','1','139.205.134.180','/data/upload/admin/avatar/20170725/b757ac704855014fab9ed79cc5345f8a.jpg'),
('38','42.862KB','1500979619','1','139.205.134.180','/data/upload/admin/avatar/20170725/c977a5cb5f32e95f96bdd3b6841df923.jpg'),
('39','53.449KB','1501038672','1','139.205.134.180','/data/upload/admin/avatar/20170726/59511e9920cd5251513da966db136cb7.jpg'),
('40','42.637KB','1501051693','1','139.205.134.180','/data/upload/admin/avatar/20170726/36d63fcb80744fc57d5f753ef9757081.jpg'),
('41','10.208KB','1501083501','1','139.205.175.22','/data/upload/admin/avatar/20170726/3df4773ff1bb62e0eef1d93777b705a7.jpg'),
('42','11.644KB','1501083509','1','139.205.175.22','/data/upload/admin/avatar/20170726/c6215fbca6c374b50cad4a51fcc03aef.jpeg'),
('43','15.188KB','1501083522','1','139.205.175.22','/data/upload/admin/avatar/20170726/473c6eab5aeffbaae301f44725288c4a.jpg');
DROP TABLE IF EXISTS edd_log;
CREATE TABLE `edd_log` (
  `log_id` int(11) NOT NULL AUTO_INCREMENT,
  `content` text,
  `log_time` int(11) DEFAULT NULL,
  `from_id` varchar(255) DEFAULT NULL,
  PRIMARY KEY (`log_id`)
) ENGINE=MyISAM AUTO_INCREMENT=20 DEFAULT CHARSET=utf8 COMMENT='操作日志记录';
INSERT INTO `edd_log` VALUES 
('13','管理员编辑提交','1490085875','13'),
('14','管理员编辑提交','1490085928','13'),
('15','管理员编辑提交','1490086060','13'),
('16','管理员编辑提交','1490086067','13'),
('17','管理员编辑提交','1490086113','13'),
('18','管理员编辑提交','1490086118','13'),
('19','管理员编辑提交','1491459715','13');
DROP TABLE IF EXISTS edd_menu;
CREATE TABLE `edd_menu` (
  `id` smallint(6) unsigned NOT NULL AUTO_INCREMENT,
  `parentid` smallint(6) unsigned NOT NULL DEFAULT '0',
  `module` varchar(30) NOT NULL DEFAULT '' COMMENT '模块',
  `controller` varchar(30) NOT NULL DEFAULT '' COMMENT '控制器',
  `method` varchar(50) NOT NULL DEFAULT '' COMMENT '操作名称',
  `data` varchar(50) NOT NULL DEFAULT '' COMMENT '额外参数',
  `type` tinyint(1) NOT NULL DEFAULT '0' COMMENT '菜单类型 1：权限认证；0：只作为菜单',
  `status` tinyint(1) unsigned NOT NULL DEFAULT '0' COMMENT '状态，1显示，0禁用',
  `name` varchar(50) NOT NULL COMMENT '菜单名称',
  `icon` varchar(50) DEFAULT NULL COMMENT '菜单图标',
  `remark` varchar(255) NOT NULL DEFAULT '' COMMENT '备注',
  `listorder` smallint(6) unsigned NOT NULL DEFAULT '0' COMMENT '排序ID',
  `nav_list` varchar(255) DEFAULT NULL COMMENT '层级关系',
  PRIMARY KEY (`id`),
  KEY `status` (`status`),
  KEY `parentid` (`parentid`),
  KEY `model` (`controller`)
) ENGINE=MyISAM AUTO_INCREMENT=333 DEFAULT CHARSET=utf8 COMMENT='后台菜单表';
INSERT INTO `edd_menu` VALUES 
('211','249','admin','Menu','home_page','','0','1','后台菜单','fa fa-sitemap','','2',''),
('216','0','admin','Default','default','','0','1','管理组','fa fa-users','12323','0',''),
('217','216','admin','Admin','home_page','','0','1','管理员','fa fa-user','','0',''),
('218','216','admin','Role','home_page','','0','1','角色管理','fa fa-map-marker','','0',''),
('245','245','admin','Default','dsadff','','0','1','案例','fa fa-gears','','0',''),
('249','0','admin','Base','default','','0','1','设置','fa fa-gears','','0',''),
('250','249','admin','Setting','home_page','','0','1','网站信息','fa fa-cog','','0',''),
('252','249','admin','Dblist','home_page','','0','1','数据库备份','fa fa-cloud-download','','0',''),
('265','0','admin','Default','default','','0','1','公告管理','fa fa-rss-square','','0',''),
('266','265','admin','Posts','home_page_posts','','0','1','文章管理','fa fa-file-text','','0',''),
('267','265','admin','Posts','home_page_term','','0','1','文章分类','fa fa-code-fork','','0',''),
('304','249','admin','Imgs','home_page','','0','1','系统图库','glyphicon glyphicon-picture','','0',''),
('305','217','admin','Admin','add_think','','1','1','管理员添加逻辑','','','0',''),
('306','217','admin','Admin','edit_think','','1','1','管理员编辑逻辑','','','0',''),
('307','217','admin','Admin','del_think','','1','1','管理员删除逻辑','','','0',''),
('308','218','admin','Role','add_think','','1','1','角色添加逻辑','','','0',''),
('309','218','admin','Role','del_think','','1','1','角色删除逻辑','','','0',''),
('310','218','admin','Role','edit_think','','1','1','角色编辑逻辑','','','0',''),
('311','250','admin','Setting','save_sites','','1','1','存储网站配置信息','','','0',''),
('312','250','admin','Setting','save_seo','','1','1','存储完整seo','','','0',''),
('313','266','admin','Posts','edit_think_posts','','1','1','文章编辑逻辑','','','0',''),
('314','266','admin','Posts','del_think_posts','','1','1','文章删除逻辑','','','0',''),
('315','266','admin','Posts','add_think_posts','','1','1','文章添加逻辑','','','0',''),
('316','211','admin','Menu','del_think','','1','1','后台菜单删除逻辑','','','0',''),
('317','211','admin','Menu','add_think','','1','1','后台菜单添加逻辑','','','0',''),
('318','211','admin','Menu','edit_think','','1','1','后台菜单编辑逻辑','','','0',''),
('319','252','admin','Dblist','export_more','','1','1','多表导出逻辑','','','0',''),
('320','252','admin','Dblist','export_one','','1','1','单表导出逻辑','','','0',''),
('321','252','admin','Dblist','del','','1','1','删除文件','','','0',''),
('322','304','admin','Imgs','del_think','','1','1','删除图库文件','','','0',''),
('323','267','admin','Posts','add_think_term','','1','1','文章分类添加逻辑','','','0',''),
('324','267','admin','Posts','del_think_term','','1','1','文章分类删除逻辑','','','0',''),
('325','267','admin','Posts','edit_think_term','','1','1','文章分类编辑逻辑','','','0',''),
('326','328','admin','Upload','upload_sigle','','1','1','单图片上传逻辑','','','0',''),
('327','328','admin','Upload','del_sigle_file','','1','1','单图片删除逻辑','','','0',''),
('328','0','admin','Default','default','','0','0','功能模块','','','0',''),
('329','252','admin','Dblist','download','','1','1','数据文件下载','','','0',''),
('330','252','admin','Dblist','restore','','1','1','数据库文件执行','','','0',''),
('331','249','admin','Setting','plugins_home','','0','1','插件库','fa fa-dropbox','微信、淘宝、短信接口参数','0','');
DROP TABLE IF EXISTS edd_mess;
CREATE TABLE `edd_mess` (
  `mess_id` int(11) NOT NULL AUTO_INCREMENT,
  `content` text COMMENT '内容',
  `to_client_id` int(11) DEFAULT NULL COMMENT '发送到的用户id',
  `from_client_id` int(11) DEFAULT NULL COMMENT '来自用户id',
  `mess_date` varchar(255) DEFAULT NULL COMMENT '消息日期',
  PRIMARY KEY (`mess_id`)
) ENGINE=MyISAM AUTO_INCREMENT=240 DEFAULT CHARSET=utf8 COMMENT='话语';
INSERT INTO `edd_mess` VALUES 
('1','十点读书阿斯蒂芬','0','1','1501034277'),
('2','我知道了\\n','0','1','1501034289'),
('3','我知道了你来了\\n','0','39','1501034320'),
('4','知道就对\\n','0','1','1501034332'),
('5','还不欢迎我\\n','0','39','1501034339'),
('6','你简直搞笑，我为什么要欢迎你，简直是\\n','0','1','1501034356'),
('7','不欢迎我算了\\n','0','39','1501034361'),
('8','我自己欢迎我自己\\n','0','39','1501034375'),
('9','切\\n','0','1','1501034380'),
('10','撒旦发生的发生','0','1','1501034764'),
('11','顶顶顶顶','0','1','1501034773'),
('12','还好，记录下来了\\n','0','39','1501035402'),
('13','哈哈哈\\n','0','47','1501038734'),
('14','按ctrl可以发送','0','1','1501038756'),
('15','记录可以保存','0','1','1501038781'),
('16','CTRL键','0','1','1501038791'),
('17','嘿\\n','0','44','1501038796'),
('18','不错\\n','0','46','1501038796'),
('19','可以发消息','0','1','1501038797'),
('20','你们下面好黑窝','0','1','1501038820'),
('21','空格键不能发消息  需要改进啊\\n\\n\\n','0','44','1501038823'),
('22','能回车发消息就更好了\\n','0','46','1501038824'),
('23','回车','0','44','1501038828'),
('24','我的白','0','47','1501038833'),
('25','回车可以的，不过我取消了','0','1','1501038835'),
('26','哈哈哈','0','47','1501038840'),
('27','。。。。为啥要取消呢\\n','0','46','1501038863'),
('28','因为，那个有个小小不足就是','0','1','1501038874'),
('29','就是啥','0','46','1501038889'),
('30','按住回车之后，会将空格存入数据库，这个需要前端来处理','0','1','1501038896'),
('31','摩西摩西\\n','0','45','1501038926'),
('32','..','0','46','1501038934'),
('33','你们以后，可以在这里私会','0','1','1501038955'),
('34','你看到？\\n\\n','0','45','1501038994'),
('35','昨天刷新，记录没有保存，今天我弄了下','0','1','1501038999'),
('36','你们如果下次登录，就会看到当天的记录','0','1','1501039076'),
('37','默认只显示当天的记录','0','1','1501039095'),
('38','大家吃中午饭，叫我一声','0','1','1501039151'),
('39','就是不会显示昨天的记录\\n销售团队集体绝食了','0','46','1501039228'),
('40','哈哈哈','0','46','1501039253'),
('41','你们不吃','0','1','1501039257'),
('42','？','0','1','1501039259'),
('43','饿得很窝，下午都没力气干活','0','1','1501039278'),
('44','他们不饿\\n','0','52','1501039279'),
('45','恩恩 \\n','0','46','1501039287'),
('46','你们吧这个浏览器缩放到最小化，一样的可以收到通知','0','1','1501039383'),
('47','只要不关闭浏览器','0','1','1501039391'),
('48','ddd\\n','0','1','1501039440'),
('49','dsff\\n','0','1','1501039448'),
('50','大家刷新一下','0','1','1501039510'),
('51','再刷新一下','0','1','1501039532'),
('52','enter键也可以了','0','1','1501039544'),
('53','给你们推荐一个剧','0','1','1501039560'),
('54','春风十里不如你','0','1','1501039568'),
('55','鬼吹灯之牧野诡事','0','46','1501039605'),
('56','看了五集不想看了','0','47','1501039609'),
('57','还可以的嘛','0','1','1501039616'),
('58','有人在波','0','1','1501048807'),
('59','嗯哼\\n\\n\\n\\n','0','45','1501049530'),
('60','enter键不能发送？\\n','0','45','1501049561'),
('61','锤子呢','0','1','1501051722'),
('62','可以的','0','1','1501051724'),
('63','DDD','0','1','1501051733'),
('66','阿萨德的方式','0','1','1501062452'),
('67','大师傅','0','1','1501062475'),
('68','没人了','0','1','1501062559'),
('69','下班了，各位','0','1','1501062563'),
('70','人呢','0','1','1501062635'),
('71','都走了？','0','1','1501062637'),
('72','走逗乐','0','1','1501062687'),
('73','我也测试完了，这下这个聊天室的加载速度，那是非一般的感觉','0','1','1501062716'),
('74','明天消息会自动清空，仅仅显示当天的消息窝我也测试完了，这下这个聊天室的加载速度，那是非一般的感觉','0','1','1501062778'),
('75','大晚上的应该没人吧！','0','1','1501075822'),
('76','现在是晚上23：11','0','1','1501081899'),
('77','大家都没在？','0','1','1501081914'),
('78','天气好热喔','0','1','1501082138'),
('79','兼职遭不住','0','1','1501082147'),
('80','有人没？','0','1','1501084483'),
('81','有人在吗','0','1','1501085606'),
('82','这么晚了该睡了','0','1','1501085617'),
('83','1','0','54','1501087581'),
('84','厉害了嘛','0','54','1501088693'),
('85','上班时间到啦','0','1','1501117949'),
('86','asdsddssd','0','54','1501144841'),
('87','有没有人','0','1','1501150038'),
('88','1111111111111111','0','54','1501167483'),
('89','zai','0','1','1501168301'),
('90','有人波','0','1','1501168308'),
('91','我看到了e','0','1','1501168321'),
('92','起床了','0','1','1501200574'),
('93','666','0','54','1501201050'),
('94','5445','0','54','1501201066'),
('95','都是','0','54','1501201180'),
('96','nihao ','0','54','1501201733'),
('97','hello','0','54','1501201749'),
('98','你好','0','1','1501203558'),
('99','需要源码的联系我QQ：747551302','0','1','1501203600'),
('100','或者访问www.oumaikeji.com，留言给我。','0','1','1501203622'),
('101','nihao','0','54','1501203813'),
('102','你好','0','54','1501203823'),
('103','/???','0','54','1501203922'),
('104','aaa','0','54','1501212725'),
('105','aa ','0','54','1501212728'),
('106','aaa','0','54','1501212740'),
('107','aaaa','0','54','1501212744'),
('108','aaaaa','0','54','1501212759'),
('109','aaaa','0','54','1501212763'),
('110','等待','0','1','1501219861'),
('111','等待','0','1','1501219885'),
('112','dd ','0','39','1501219889'),
('113','等待','0','1','1501219946'),
('114','等待淡淡的','0','1','1501219973'),
('115','等待淡淡的淡淡的','0','1','1501220003'),
('116','等待淡淡的淡淡的','0','1','1501220004'),
('117','等待淡淡的淡淡的','0','1','1501220011'),
('118','等待淡淡的淡淡的','0','1','1501220046'),
('119','阿斯蒂芬','0','1','1501221920'),
('120','阿斯蒂芬','0','1','1501221991'),
('121','他','0','1','1501222026'),
('122','非法','0','1','1501222172'),
('123','淡淡的','0','1','1501222179'),
('124','淡淡的鄂武商','0','1','1501223419'),
('125','打赏','0','1','1501223431'),
('126','ddd ','0','39','1501223439'),
('127','等待','0','1','1501223478'),
('128','等待的方式的方式','0','1','1501223601'),
('129','有人吗','0','54','1501225152'),
('130','???','0','55','1501225658'),
('131','你好','0','1','1501225680'),
('132','99999999999999999','0','55','1501225680'),
('133','撒打算的','0','55','1501225683'),
('134','我听到的','0','1','1501225688'),
('135','有人波','0','1','1501225704'),
('136','123123213213213123','0','55','1501225714'),
('137','zaibuzai ','0','39','1501225716'),
('138','有人吗','0','1','1501225724'),
('139','123123123213','0','55','1501225732'),
('140','renne ','0','39','1501225736'),
('141','你好','0','1','1501226019'),
('142','等待','0','1','1501226290'),
('143','淡淡的','0','1','1501226318'),
('144','淡淡的','0','1','1501226776'),
('145','dasdas','0','39','1501226885'),
('146','打死打伤','0','1','1501226903'),
('147','阿三的地方','0','1','1501226911'),
('148','asdfdfas','0','39','1501226915'),
('149','asdfdfas','0','39','1501226915'),
('150','你好','0','54','1501233018'),
('151','佛挡杀佛','0','54','1501233030'),
('152','1','0','54','1501241682'),
('153','1221','0','54','1501241685'),
('154','有人在吗','0','1','1501241795'),
('155','ddd','0','54','1501246406'),
('156','ddd','0','54','1501246440'),
('157','11111','0','54','1501257628'),
('158','有人吗','0','54','1501257638'),
('159','1','0','54','1501257652'),
('160','aSDK是','0','54','1501257656'),
('161','聊天室？','0','55','1501298141'),
('162','123456','0','54','1501300223'),
('163','有人在吗','0','1','1501311221'),
('164','sdsd','0','54','1501334826'),
('165','a','0','54','1501397595'),
('166','信息','0','1','1501402594'),
('167','地对地导弹','0','1','1501402600'),
('168','...','0','56','1501413312'),
('169','123123123','0','54','1501419635'),
('170','gfhfh fghgfhfg','0','54','1501420895'),
('171','fhg hffgh ','0','54','1501420898'),
('172','hfghfghfghfghhg','0','54','1501420902'),
('173','jhjhk','0','54','1501427210'),
('174','大家好，我这儿有很多php源码','0','1','1501428745'),
('175','星期一快了','0','1','1501460726'),
('176','快乐','0','1','1501460729'),
('177','nihao','0','54','1501465372'),
('178','太水啊了','0','54','1501465385'),
('179','士大夫','0','54','1501465402'),
('180','你好','0','54','1501467891'),
('181','什么广播','0','54','1501467897'),
('182','你好','0','1','1501471613'),
('183','在不在','0','1','1501471615'),
('184','11111','0','55','1501473027'),
('185','shui','0','55','1501473057'),
('186','select *','0','55','1501473111'),
('187','<script>alert(1)</script>','0','55','1501473131'),
('188','d','0','55','1501478149'),
('189','d','0','55','1501478149'),
('190','0','0','54','1501478220'),
('191','1','0','56','1501478230'),
('192','2','0','56','1501478236'),
('193','11','0','56','1501478258'),
('194','没人','0','56','1501478286'),
('195','111','0','56','1501478416'),
('196','哈哈','0','55','1501478685'),
('197','有人吗','0','55','1501478687'),
('198','看看','0','56','1501478861'),
('199','什么玩意','0','56','1501478879'),
('200','在波','0','1','1501479205'),
('201','www.oumaikeji.com','0','56','1501479550'),
('202','client123','0','54','1501479621'),
('203','101','0','54','1501479648'),
('204','asdsd','0','54','1501480693'),
('205','sfsdfsdf','0','54','1501480697'),
('206','asdsa','0','54','1501480716'),
('207','你好啊','0','54','1501480722'),
('208','.','0','54','1501481712'),
('209','.','0','54','1501481714'),
('210','哈哈，登录上了，','0','55','1501482057'),
('211','管理员，看到我发的消息了吗？','0','55','1501482071'),
('212','说点什么吧？','0','55','1501482152'),
('213','哈哈','0','55','1501482156'),
('214','wozai ','0','1','1501482169'),
('215','haha','0','1','1501482173'),
('216','有人波','0','1','1501482179'),
('217','大家要源码找我','0','1','1501482188'),
('218','才5元','0','1','1501482192'),
('219','不贵','0','1','1501482194'),
('220','看到了你发消息了','0','1','1501482209'),
('221','哈哈，非常感谢，你的技术会越来越牛的','0','55','1501482212'),
('222','我要源码','0','55','1501482220'),
('223','这是什么鬼','0','54','1501482224'),
('224','即时通讯，案例','0','1','1501482236'),
('225','有人吗','0','54','1501482238'),
('226','这是聊天工具呀，哈哈','0','55','1501482244'),
('227','哎呀  大神 你这个源码好用哦  我已经配置好了','0','51','1501482251'),
('228','这里真有人？','0','54','1501482276'),
('229','还好，谢谢支持','0','1','1501482278'),
('230','大神 ，快快给我源码吧，我这就搞起来','0','55','1501482284'),
('231','你直接扫描二维码','0','1','1501482301'),
('232','你们都是真人？','0','54','1501482301'),
('233','那是','0','1','1501482306'),
('234','我5块买的  已经配到我服务器上了  撩妹那是一撩一个准啊  哈哈哈  感谢大神','0','51','1501482374'),
('235','。。。','0','54','1501482446'),
('236','那会大减价','0','1','1501482459'),
('237','现在涨价了','0','1','1501482464'),
('238','10元','0','1','1501482466'),
('239','谢谢这位顾客，消费5元','0','1','1501482609');
DROP TABLE IF EXISTS edd_options;
CREATE TABLE `edd_options` (
  `option_id` bigint(20) unsigned NOT NULL AUTO_INCREMENT,
  `option_name` varchar(64) NOT NULL COMMENT '配置名',
  `option_value` longtext NOT NULL COMMENT '配置值',
  `autoload` int(2) NOT NULL DEFAULT '1' COMMENT '是否自动加载',
  `is_close` tinyint(3) NOT NULL DEFAULT '0' COMMENT '1开启网站，0关闭网站',
  PRIMARY KEY (`option_id`),
  UNIQUE KEY `option_name` (`option_name`)
) ENGINE=MyISAM AUTO_INCREMENT=8 DEFAULT CHARSET=utf8 COMMENT='全站配置表';
INSERT INTO `edd_options` VALUES 
('1','member_email_active','{\"title\":\"ThinkCMF\\u90ae\\u4ef6\\u6fc0\\u6d3b\\u901a\\u77e5.\",\"template\":\"<p>\\u672c\\u90ae\\u4ef6\\u6765\\u81ea<a href=\\\"http:\\/\\/www.thinkcmf.com\\\">ThinkCMF<\\/a><br\\/><br\\/>&nbsp; &nbsp;<strong>---------------<strong style=\\\"white-space: normal;\\\">---<\\/strong><\\/strong><br\\/>&nbsp; &nbsp;<strong>\\u5e10\\u53f7\\u6fc0\\u6d3b\\u8bf4\\u660e<\\/strong><br\\/>&nbsp; &nbsp;<strong>---------------<strong style=\\\"white-space: normal;\\\">---<\\/strong><\\/strong><br\\/><br\\/>&nbsp; &nbsp; \\u5c0a\\u656c\\u7684<span style=\\\"FONT-SIZE: 16px; FONT-FAMILY: Arial; COLOR: rgb(51,51,51); LINE-HEIGHT: 18px; BACKGROUND-COLOR: rgb(255,255,255)\\\">#username#\\uff0c\\u60a8\\u597d\\u3002<\\/span>\\u5982\\u679c\\u60a8\\u662fThinkCMF\\u7684\\u65b0\\u7528\\u6237\\uff0c\\u6216\\u5728\\u4fee\\u6539\\u60a8\\u7684\\u6ce8\\u518cEmail\\u65f6\\u4f7f\\u7528\\u4e86\\u672c\\u5730\\u5740\\uff0c\\u6211\\u4eec\\u9700\\u8981\\u5bf9\\u60a8\\u7684\\u5730\\u5740\\u6709\\u6548\\u6027\\u8fdb\\u884c\\u9a8c\\u8bc1\\u4ee5\\u907f\\u514d\\u5783\\u573e\\u90ae\\u4ef6\\u6216\\u5730\\u5740\\u88ab\\u6ee5\\u7528\\u3002<br\\/>&nbsp; &nbsp; \\u60a8\\u53ea\\u9700\\u70b9\\u51fb\\u4e0b\\u9762\\u7684\\u94fe\\u63a5\\u5373\\u53ef\\u6fc0\\u6d3b\\u60a8\\u7684\\u5e10\\u53f7\\uff1a<br\\/>&nbsp; &nbsp; <a title=\\\"\\\" href=\\\"http:\\/\\/#link#\\\" target=\\\"_self\\\">http:\\/\\/#link#<\\/a><br\\/>&nbsp; &nbsp; (\\u5982\\u679c\\u4e0a\\u9762\\u4e0d\\u662f\\u94fe\\u63a5\\u5f62\\u5f0f\\uff0c\\u8bf7\\u5c06\\u8be5\\u5730\\u5740\\u624b\\u5de5\\u7c98\\u8d34\\u5230\\u6d4f\\u89c8\\u5668\\u5730\\u5740\\u680f\\u518d\\u8bbf\\u95ee)<br\\/>&nbsp; &nbsp; \\u611f\\u8c22\\u60a8\\u7684\\u8bbf\\u95ee\\uff0c\\u795d\\u60a8\\u4f7f\\u7528\\u6109\\u5feb\\uff01<br\\/><br\\/>&nbsp; &nbsp; \\u6b64\\u81f4<br\\/>&nbsp; &nbsp; ThinkCMF \\u7ba1\\u7406\\u56e2\\u961f.<\\/p>\"}','1','0'),
('6','site_options','{\"site_logo\":\"\\/data\\/upload\\/admin\\/logo\\/20170714\\/f8bc46b8696c512adf03b31c996bd860.png\",\"site_name\":\"AlphaCMS\",\"site_addr\":\"\",\"site_admin_email\":\"\",\"tel\":\"\",\"icp\":\"\",\"site_copyright\":\"\"}','1','1'),
('7','site_seo','{\"seo_title\":\"123123123\",\"seo_key\":\"Give yourself a future!,123123,asdas\",\"seo_remark\":\"\\u6211\\u4e0d\\u660e\\u767d\\uff0c\\u5929\\u7a7a\\u7684\\u9634\\u973e\\uff0c\\u662f\\u4f60\\u7684\\u4f24\\u6000\\u8fd8\\u662f\\u6211\\u7684\\u60b2\\u54c0\\uff0c\\u8c01\\u66fe\\u4ece\\u8c01\\u7684\\u9752\\u6625\\u91cc\\u8d70\\u8fc7\\uff0c\\u7559\\u4e0b\\u4e86\\u7b11\\u9765\\uff0c\\u8c01\\u66fe\\u5728\\u8c01\\u7684\\u82b1\\u5b63\\u91cc\\u505c\\u7559\\uff0c\\u6e29\\u6696\\u4e86\\u60f3\\u5ff5\\uff0c\\u8c01\\u53c8\\u4ece\\u8c01\\u7684\\u96e8\\u5b63\\u91cc\\u6d88\\u5931\\uff0c\\u6cdb\\u6ee5\\u4e86\\u773c\\u6cea\\u3002\"}','1','1');
DROP TABLE IF EXISTS edd_posts;
CREATE TABLE `edd_posts` (
  `id` bigint(20) unsigned NOT NULL AUTO_INCREMENT,
  `post_author` bigint(20) unsigned DEFAULT '0' COMMENT '发表者id',
  `post_keywords` varchar(150) DEFAULT '' COMMENT 'seo keywords',
  `post_source` varchar(150) DEFAULT NULL COMMENT '转载文章的来源',
  `post_date` varchar(255) DEFAULT '' COMMENT 'post发布日期',
  `post_content` longtext COMMENT 'post内容',
  `post_title` text COMMENT 'post标题',
  `post_excerpt` text COMMENT 'post摘要',
  `post_status` int(2) DEFAULT '0' COMMENT 'post状态，1已审核，0未审核,3删除',
  `comment_status` int(2) DEFAULT '1' COMMENT '评论状态，1允许，0不允许',
  `post_modified` varchar(255) DEFAULT '' COMMENT 'post更新时间，可在前台修改，显示给用户',
  `post_content_filtered` longtext,
  `post_parent` bigint(20) unsigned DEFAULT '0' COMMENT 'post的父级post id,表示post层级关系',
  `post_type` int(2) DEFAULT '1' COMMENT 'post类型，1文章,2页面',
  `post_mime_type` varchar(100) DEFAULT '',
  `comment_count` bigint(20) DEFAULT '0',
  `smeta` text COMMENT 'post的扩展字段，保存相关扩展属性，如缩略图；格式为json',
  `post_hits` int(11) DEFAULT '0' COMMENT 'post点击数，查看数',
  `post_like` int(11) DEFAULT '0' COMMENT 'post赞数',
  `istop` tinyint(1) NOT NULL DEFAULT '0' COMMENT '置顶 1置顶； 0不置顶',
  `recommended` tinyint(1) NOT NULL DEFAULT '0' COMMENT '推荐 1推荐 0不推荐',
  PRIMARY KEY (`id`),
  KEY `type_status_date` (`post_type`,`post_status`,`post_date`,`id`),
  KEY `post_parent` (`post_parent`),
  KEY `post_author` (`post_author`),
  KEY `post_date` (`post_date`) USING BTREE
) ENGINE=MyISAM AUTO_INCREMENT=9 DEFAULT CHARSET=utf8 COMMENT='Portal文章表';
DROP TABLE IF EXISTS edd_role;
CREATE TABLE `edd_role` (
  `id` int(11) unsigned NOT NULL AUTO_INCREMENT,
  `name` varchar(20) NOT NULL COMMENT '角色名称',
  `pid` smallint(6) DEFAULT NULL COMMENT '父角色ID',
  `status` tinyint(1) unsigned DEFAULT '0' COMMENT '0禁用 1开启',
  `remark` varchar(255) DEFAULT NULL COMMENT '备注',
  `create_time` int(11) unsigned NOT NULL DEFAULT '0' COMMENT '创建时间',
  `update_time` int(11) unsigned NOT NULL DEFAULT '0' COMMENT '更新时间',
  `listorder` int(3) NOT NULL DEFAULT '0' COMMENT '排序字段',
  `rules` text COMMENT '拥有的权限规则',
  PRIMARY KEY (`id`),
  KEY `parentId` (`pid`),
  KEY `status` (`status`)
) ENGINE=MyISAM AUTO_INCREMENT=21 DEFAULT CHARSET=utf8 COMMENT='角色表';
INSERT INTO `edd_role` VALUES 
('1','超级管理员','0','1','拥有网站最高管理员权限！','1329633709','1329633709','0','216,218,310,309,308,217,307,306,305,249,304,322,252,330,329,321,320,319,250,312,311,211,318,317,316,265,267,325,324,323,266,315,314,313,328,327,326'),
('2','普通管理员','0','1','日常的一些普通权限管理','1488813810','0','0','216,218,217,249,304,252,250,211,265,267,266,328');
DROP TABLE IF EXISTS edd_role_user;
CREATE TABLE `edd_role_user` (
  `role_user_id` int(11) NOT NULL AUTO_INCREMENT,
  `user_id` int(11) DEFAULT NULL,
  `role_id` int(11) DEFAULT NULL,
  PRIMARY KEY (`role_user_id`)
) ENGINE=MyISAM AUTO_INCREMENT=32 DEFAULT CHARSET=utf8;
INSERT INTO `edd_role_user` VALUES 
('5','1','1'),
('14','39','2'),
('19','44','2'),
('20','45','2'),
('21','46','2'),
('22','47','2'),
('23','48','2'),
('24','49','2'),
('25','50','2'),
('26','51','2'),
('27','52','2'),
('28','53','2'),
('29','54','2'),
('30','55','2'),
('31','56','2');
DROP TABLE IF EXISTS edd_term_relationships;
CREATE TABLE `edd_term_relationships` (
  `tid` bigint(20) NOT NULL AUTO_INCREMENT,
  `object_id` bigint(20) unsigned NOT NULL DEFAULT '0' COMMENT 'posts表里文章id',
  `term_id` bigint(20) unsigned NOT NULL DEFAULT '0' COMMENT '分类id',
  `listorder` int(10) NOT NULL DEFAULT '0' COMMENT '排序',
  `status` int(2) NOT NULL DEFAULT '1' COMMENT '状态，1发布，0不发布',
  PRIMARY KEY (`tid`),
  KEY `term_taxonomy_id` (`term_id`)
) ENGINE=MyISAM AUTO_INCREMENT=17 DEFAULT CHARSET=utf8 COMMENT='Portal 文章分类对应表';
DROP TABLE IF EXISTS edd_terms;
CREATE TABLE `edd_terms` (
  `term_id` bigint(20) unsigned NOT NULL AUTO_INCREMENT COMMENT '分类id',
  `name` varchar(200) DEFAULT NULL COMMENT '分类名称',
  `slug` varchar(200) DEFAULT '',
  `taxonomy` varchar(32) DEFAULT NULL COMMENT '分类类型',
  `description` longtext COMMENT '分类描述',
  `parent` bigint(20) unsigned DEFAULT '0' COMMENT '分类父id',
  `count` bigint(20) DEFAULT '0' COMMENT '分类文章数',
  `path` varchar(500) DEFAULT NULL COMMENT '分类层级关系路径',
  `seo_title` varchar(500) DEFAULT NULL,
  `seo_keywords` varchar(500) DEFAULT NULL,
  `seo_description` varchar(500) DEFAULT NULL,
  `list_tpl` varchar(50) DEFAULT NULL COMMENT '分类列表模板',
  `one_tpl` varchar(50) DEFAULT NULL COMMENT '分类文章页模板',
  `listorder` int(5) NOT NULL DEFAULT '0' COMMENT '排序',
  `status` int(2) DEFAULT '1' COMMENT '状态，1发布，0不发布',
  PRIMARY KEY (`term_id`)
) ENGINE=MyISAM AUTO_INCREMENT=31 DEFAULT CHARSET=utf8 COMMENT='Portal 文章分类表';
DROP TABLE IF EXISTS edd_users;
CREATE TABLE `edd_users` (
  `id` bigint(20) unsigned NOT NULL AUTO_INCREMENT,
  `user_login` varchar(60) NOT NULL DEFAULT '' COMMENT '用户名',
  `avatar` varchar(255) DEFAULT NULL,
  `user_pass` varchar(64) NOT NULL DEFAULT '' COMMENT '登录密码；sp_password加密',
  `user_pass_salt` varchar(255) DEFAULT NULL COMMENT '密码验证',
  `user_nicename` varchar(50) NOT NULL DEFAULT '' COMMENT '用户美名',
  `user_email` varchar(100) NOT NULL DEFAULT '' COMMENT '登录邮箱',
  `last_login_ip` varchar(16) DEFAULT NULL COMMENT '最后登录ip',
  `last_login_time` varchar(255) DEFAULT '0' COMMENT '最后登录时间',
  `update_time` varchar(255) NOT NULL DEFAULT '0' COMMENT '更新时间',
  `create_time` varchar(255) DEFAULT '0' COMMENT '注册时间',
  `user_status` int(11) NOT NULL DEFAULT '0' COMMENT '用户状态 0：禁用； 1：正常 ；2：未验证',
  `mobile` varchar(20) NOT NULL DEFAULT '' COMMENT '手机号',
  `user_hits` int(11) DEFAULT '0' COMMENT '登陆次数',
  PRIMARY KEY (`id`),
  KEY `user_login_key` (`user_login`),
  KEY `user_nicename` (`user_nicename`)
) ENGINE=MyISAM AUTO_INCREMENT=57 DEFAULT CHARSET=utf8 COMMENT='用户表';
INSERT INTO `edd_users` VALUES 
('1','admin','/data/upload/admin/avatar/20170726/36d63fcb80744fc57d5f753ef9757081.jpg','7ccf1c8db28f58172bcb8af9d7359800','DIIxzlCvIv','admin','dc_wen663@163.com','139.205.129.250','1501480908','1501051696','1489155324','1','','143'),
('39','dcwen','/data/upload/admin/avatar/20170707/81b8e35690d262f0520dda92bfef97b6.jpg','1ab5c2d4ba5d82fbfacc1e98f6cf6705','VhbJCORGdv','dcwen','dc_wen666666@163.com','139.205.134.180','1501219793','1499415689','1499404939','1','','24'),
('45','wanghuan','/data/upload/admin/avatar/20170725/3a08d1199336e629a644677fe2f3d64b.jpg','e56a489b259146faefe7e07e82f7fa83','CokhZqATpc','wanghuan','2430361215@qq.com','139.205.134.180','1500966935','1500968121','1500965544','1','','1'),
('46','huangcheng','/data/upload/admin/avatar/20170725/e902a7ac4cd1f5b635ad3be1e9804fe9.jpg','337b971ba044aae0b8248e5a5b48ca47','fPasWQZOvG','huangcheng','2430361215@qq.com','139.205.134.180','1501038754','1500968142','1500965556','1','','1'),
('47','wangchaoying','/data/upload/admin/avatar/20170725/3e39b0de02601a85e7b686ad439612f4.jpg','1491b0a4fbc51ff1b28c0f74aab81a8d','SRJzNQcaVG','wangchaoying','2430361215@qq.com','139.205.134.180','1500966950','1500968160','1500965569','1','','1'),
('48','xiangxing','','2c6d2f95288c05c11b9debbc67a63b8f','RvlRUDpVUQ','xiangxing','2430361215@qq.com','','0','0','1500965586','1','','0'),
('49','wangyu','','7ef47c6b7d770e44d223a4e3560dac7b','XKhfaIpBRb','wangyu','2430361215@qq.com','','0','0','1500965596','1','','0'),
('50','luojiahao','','3120d4fc297d3460bb1263fac3f17330','HgKmypAjtE','luojiahao','2430361215@qq.com','','0','0','1500965608','1','','0'),
('44','liangbiao','/data/upload/admin/avatar/20170725/c977a5cb5f32e95f96bdd3b6841df923.jpg','587acbf18fa879570db58041ed8c4a59','bmDAhMIPhT','liangbiao','2430361215@qq.com','139.205.134.180','1501038774','1500979621','1500965430','1','','1'),
('51','gaojing','/data/upload/admin/avatar/20170725/b757ac704855014fab9ed79cc5345f8a.jpg','1816d7313ce996dd40a82d88211d7a9e','KyosuUMYok','gaojing','2430361215@qq.com','139.205.129.250','1501482221','1500979600','1500965617','1','','2'),
('52','caiwu','/data/upload/admin/avatar/20170725/f71112cdd48dc621cb572ed57969ab47.png','cee6749e26ef0fc3930b2fffe966aab7','nKqQrOyKhY','caiwu','2430361215@qq.com','139.205.134.180','1500967807','1500967796','1500965671','1','','3'),
('53','mahailong','/data/upload/admin/avatar/20170726/59511e9920cd5251513da966db136cb7.jpg','4cfa7d532038c3b57c4bbc6d1a51df6e','NAGzCvvCIl','mahailong','2430361215@qq.com','','0','1501038674','1500965719','1','','0'),
('54','client','/data/upload/admin/avatar/20170726/3df4773ff1bb62e0eef1d93777b705a7.jpg','0b8ac1e568c9c2fb750d352d3f58aee2','LplXjNmoXm','client','dcwen666666@163.com','36.149.7.134','1501482435','1501083694','1501083504','1','','45'),
('55','client1','/data/upload/admin/avatar/20170726/c6215fbca6c374b50cad4a51fcc03aef.jpeg','8318a72de8f7d27ada132330524d4358','LawcIRaZlk','client1','dcwen666666@163.com','182.50.119.82','1501479262','1501083686','1501083515','1','','5'),
('56','client2','/data/upload/admin/avatar/20170726/473c6eab5aeffbaae301f44725288c4a.jpg','21bcf77a9be2548788b055f181d5be81','IIeSNzKwAV','client2','dcwen666666@163.com','61.235.65.124','1501480825','1501083678','1501083527','1','','7');
DROP TABLE IF EXISTS edd_widgets;
CREATE TABLE `edd_widgets` (
  `wid_id` int(11) NOT NULL AUTO_INCREMENT,
  `wid_params` varchar(255) DEFAULT NULL COMMENT '参数',
  `wid_color` varchar(255) DEFAULT NULL COMMENT '模块颜色',
  `wid_icon` varchar(255) DEFAULT NULL COMMENT '模块图标',
  `wid_date` varchar(255) DEFAULT NULL COMMENT '模块时间',
  `wid_admin` int(11) DEFAULT NULL COMMENT '操作者',
  `wid_name` varchar(255) DEFAULT NULL COMMENT '插件名字',
  PRIMARY KEY (`wid_id`)
) ENGINE=MyISAM AUTO_INCREMENT=11 DEFAULT CHARSET=utf8 COMMENT='插件表';
INSERT INTO `edd_widgets` VALUES 
('10','url:https://captcha.luosimao.com/api/site_verify|api_key:fbdd90fa23bf05f970badd9a7fde8d0b','info','fa fa-github-alt','1499931295','1','螺丝帽验证接口api');
